0.02,0.0371,0.0428,0.0207,0.0954,0.0986,0.1539,0.1601,0.3109,0.2111,0.1609,0.1582,0.2238,0.0645,0.066,0.2273,0.31,0.2999,0.5078,0.4797,0.5783,0.5071,0.4328,0.555,0.6711,0.6415,0.7104,0.808,0.6791,0.3857,0.1307,0.2604,0.5121,0.7547,0.8537,0.8507,0.6692,0.6097,0.4943,0.2744,0.051,0.2834,0.2825,0.4256,0.2641,0.1386,0.1051,0.1343,0.0383,0.0324,0.0232,0.0027,0.0065,0.0159,0.0072,0.0167,0.018,0.0084,0.009,0.0032

0.01,0.0171,0.0623,0.0205,0.0205,0.0368,0.1098,0.1276,0.0598,0.1264,0.0881,0.1992,0.0184,0.2261,0.1729,0.2131,0.0693,0.2281,0.406,0.3973,0.2741,0.369,0.5556,0.4846,0.314,0.5334,0.5256,0.252,0.209,0.3559,0.626,0.734,0.612,0.3497,0.3953,0.3012,0.5408,0.8814,0.9857,0.9167,0.6121,0.5006,0.321,0.3202,0.4295,0.3654,0.2655,0.1576,0.0681,0.0294,0.0241,0.0121,0.0036,0.015,0.0085,0.0073,0.005,0.0044,0.004,0.0117

0.0317,0.0956,0.1321,0.1408,0.1674,0.171,0.0731,0.1401,0.2083,0.3513,0.1786,0.0658,0.0513,0.3752,0.5419,0.544,0.515,0.4262,0.2024,0.4233,0.7723,0.9735,0.939,0.5559,0.5268,0.6826,0.5713,0.5429,0.2177,0.2149,0.5811,0.6323,0.2965,0.1873,0.2969,0.5163,0.6153,0.4283,0.5479,0.6133,0.5017,0.2377,0.1957,0.1749,0.1304,0.0597,0.1124,0.1047,0.0507,0.0159,0.0195,0.0201,0.0248,0.0131,0.007,0.0138,0.0092,0.0143,0.0036,0.0103

0.0164,0.0173,0.0347,0.007,0.0187,0.0671,0.1056,0.0697,0.0962,0.0251,0.0801,0.1056,0.1266,0.089,0.0198,0.1133,0.2826,0.3234,0.3238,0.4333,0.6068,0.7652,0.9203,0.9719,0.9207,0.7545,0.8289,0.8907,0.7309,0.6896,0.5829,0.4935,0.3101,0.0306,0.0244,0.1108,0.1594,0.1371,0.0696,0.0452,0.062,0.1421,0.1597,0.1384,0.0372,0.0688,0.0867,0.0513,0.0092,0.0198,0.0118,0.009,0.0223,0.0179,0.0084,0.0068,0.0032,0.0035,0.0056,0.004

0.0079,0.0086,0.0055,0.025,0.0344,0.0546,0.0528,0.0958,0.1009,0.124,0.1097,0.1215,0.1874,0.3383,0.3227,0.2723,0.3943,0.6432,0.7271,0.8673,0.9674,0.9847,0.948,0.8036,0.6833,0.5136,0.309,0.0832,0.4019,0.2344,0.1905,0.1235,0.1717,0.2351,0.2489,0.3649,0.3382,0.1589,0.0989,0.1089,0.1043,0.0839,0.1391,0.0819,0.0678,0.0663,0.1202,0.0692,0.0152,0.0266,0.0174,0.0176,0.0127,0.0088,0.0098,0.0019,0.0059,0.0058,0.0059,0.0032

0.0298,0.0615,0.065,0.0921,0.1615,0.2294,0.2176,0.2033,0.1459,0.0852,0.2476,0.3645,0.2777,0.2826,0.3237,0.4335,0.5638,0.4555,0.4348,0.6433,0.3932,0.1989,0.354,0.9165,0.9371,0.462,0.2771,0.6613,0.8028,0.42,0.5192,0.6962,0.5792,0.8889,0.7863,0.7133,0.7615,0.4401,0.3009,0.3163,0.2809,0.2898,0.0526,0.1867,0.1553,0.1633,0.1252,0.0748,0.0452,0.0064,0.0154,0.0031,0.0153,0.0071,0.0212,0.0076,0.0152,0.0049,0.02,0.0073

0.027,0.0092,0.0145,0.0278,0.0412,0.0757,0.1026,0.1138,0.0794,0.152,0.1675,0.137,0.1361,0.1345,0.2144,0.5354,0.683,0.56,0.3093,0.3226,0.443,0.5573,0.5782,0.6173,0.8132,0.9819,0.9823,0.9166,0.7423,0.7736,0.8473,0.7352,0.6671,0.6083,0.6239,0.5972,0.5715,0.5242,0.2924,0.1536,0.2003,0.2031,0.2207,0.1778,0.1353,0.1373,0.0749,0.0472,0.0325,0.0179,0.0045,0.0084,0.001,0.0018,0.0068,0.0039,0.012,0.0132,0.007,0.0088

0.0664,0.0575,0.0842,0.0372,0.0458,0.0771,0.0771,0.113,0.2353,0.1838,0.2869,0.4129,0.3647,0.1984,0.284,0.4039,0.5837,0.6792,0.6086,0.4858,0.3246,0.2013,0.2082,0.1686,0.2484,0.2736,0.2984,0.4655,0.699,0.7474,0.7956,0.7981,0.6715,0.6942,0.744,0.8169,0.8912,1.0,0.8753,0.7061,0.6803,0.5898,0.4618,0.3639,0.1492,0.1216,0.1306,0.1198,0.0578,0.0235,0.0135,0.0141,0.019,0.0043,0.0036,0.0026,0.0024,0.0162,0.0109,0.0079

0.0293,0.0644,0.039,0.0173,0.0476,0.0816,0.0993,0.0315,0.0736,0.086,0.0414,0.0472,0.0835,0.0938,0.1466,0.0809,0.1179,0.2179,0.3326,0.3258,0.2111,0.2302,0.3361,0.4259,0.4609,0.2606,0.0874,0.2862,0.5606,0.8344,0.8096,0.725,0.8048,0.9435,1.0,0.896,0.5516,0.3037,0.2338,0.2382,0.3318,0.3821,0.1575,0.2228,0.1582,0.1433,0.1634,0.1133,0.0567,0.0133,0.017,0.0035,0.0052,0.0083,0.0078,0.0075,0.0105,0.016,0.0095,0.0011

0.0177,0.03,0.0288,0.0394,0.063,0.0526,0.0688,0.0633,0.0624,0.0613,0.168,0.3476,0.4561,0.5188,0.6308,0.7201,0.5153,0.3818,0.2644,0.3345,0.4865,0.6628,0.7389,0.9213,1.0,0.775,0.5593,0.6172,0.8635,0.6592,0.477,0.4983,0.333,0.3076,0.2876,0.2226,0.0794,0.0603,0.1049,0.0606,0.153,0.0983,0.1643,0.1901,0.1107,0.1917,0.1467,0.0392,0.0356,0.027,0.0168,0.0102,0.0122,0.0044,0.0075,0.0124,0.0099,0.0057,0.0032,0.0019

0.024,0.0218,0.0324,0.0569,0.033,0.0513,0.0897,0.0713,0.0569,0.0389,0.1934,0.2434,0.2906,0.2606,0.3811,0.4997,0.3015,0.3655,0.6791,0.7307,0.5053,0.4441,0.6987,0.8133,0.7781,0.8943,0.8929,0.8913,0.861,0.8063,0.554,0.2446,0.3459,0.1615,0.2467,0.5564,0.4681,0.0979,0.1582,0.0751,0.3321,0.3745,0.2666,0.1078,0.1418,0.1687,0.0738,0.0634,0.0144,0.0226,0.0061,0.0162,0.0146,0.0093,0.0112,0.0094,0.0054,0.0019,0.0066,0.0023

0.0442,0.0477,0.0049,0.0581,0.0278,0.0678,0.1664,0.149,0.0974,0.1268,0.1109,0.2375,0.2007,0.214,0.1109,0.2036,0.2468,0.6682,0.8345,0.8252,0.8017,0.8982,0.9664,0.8515,0.6626,0.3241,0.2054,0.5669,0.5726,0.4877,0.7532,0.76,0.5185,0.412,0.556,0.5569,0.1336,0.3831,0.4611,0.433,0.2556,0.1466,0.3489,0.2659,0.0944,0.137,0.1344,0.0416,0.0719,0.0637,0.021,0.0204,0.0216,0.0135,0.0055,0.0073,0.008,0.0105,0.0059,0.0105

0.0094,0.0166,0.0398,0.0359,0.0681,0.0706,0.102,0.0893,0.0381,0.1328,0.1303,0.0273,0.0644,0.0712,0.1204,0.0717,0.1224,0.2349,0.3684,0.3918,0.4925,0.8793,0.9606,0.8786,0.6905,0.6937,0.5674,0.654,0.7802,0.7575,0.5836,0.6316,0.8108,0.9039,0.8647,0.6695,0.4027,0.237,0.2685,0.3662,0.3267,0.22,0.2996,0.2205,0.1163,0.0635,0.0465,0.0422,0.0174,0.0172,0.0134,0.0141,0.0191,0.0145,0.0065,0.0129,0.0217,0.0087,0.0077,0.0122

0.0091,0.0213,0.0206,0.0505,0.0657,0.0795,0.097,0.0872,0.0743,0.0837,0.1579,0.0898,0.0309,0.1856,0.2969,0.2032,0.1264,0.1655,0.1661,0.2091,0.231,0.446,0.6634,0.6933,0.7663,0.8206,0.7049,0.756,0.7466,0.6387,0.4846,0.3328,0.5356,0.8741,0.8573,0.6718,0.3446,0.315,0.2702,0.2598,0.2742,0.3594,0.4382,0.246,0.0758,0.0187,0.0797,0.0748,0.0367,0.0155,0.03,0.0112,0.0112,0.0102,0.0026,0.0097,0.0098,0.0043,0.0071,0.0108

0.0211,0.0319,0.0415,0.0286,0.0121,0.0438,0.1299,0.139,0.0695,0.0568,0.0869,0.1935,0.1478,0.1871,0.1994,0.3283,0.6861,0.5814,0.25,0.1734,0.3363,0.5588,0.6592,0.7012,0.8099,0.8901,0.8745,0.7887,0.8725,0.9376,0.892,0.7508,0.6832,0.761,0.9017,1.0,0.9123,0.7388,0.5915,0.4057,0.3019,0.2331,0.2931,0.2298,0.2391,0.191,0.1096,0.03,0.0171,0.0383,0.0053,0.009,0.0042,0.0153,0.0106,0.002,0.0105,0.0049,0.007,0.008

0.0408,0.0653,0.0397,0.0604,0.0496,0.1817,0.1178,0.1024,0.0583,0.2176,0.2459,0.3332,0.3087,0.2613,0.3232,0.3731,0.4203,0.5364,0.7062,0.8196,0.8835,0.8299,0.7609,0.7605,0.8367,0.8905,0.7652,0.5897,0.3037,0.0823,0.2787,0.7241,0.8032,0.805,0.7676,0.7468,0.6253,0.173,0.2916,0.5003,0.522,0.4824,0.4004,0.3877,0.1651,0.0442,0.0663,0.0418,0.0475,0.0235,0.0066,0.0062,0.0129,0.0184,0.0069,0.0198,0.0199,0.0102,0.007,0.0055

0.019,0.0038,0.0642,0.0452,0.0333,0.069,0.0901,0.1454,0.074,0.0349,0.1459,0.3473,0.3197,0.2823,0.0166,0.0572,0.2164,0.4563,0.3819,0.5627,0.6484,0.7235,0.8242,0.8766,1.0,0.8582,0.6563,0.5087,0.4817,0.453,0.4521,0.4532,0.5385,0.5308,0.5356,0.5271,0.426,0.2436,0.1205,0.3845,0.4107,0.5067,0.4216,0.2479,0.1586,0.1124,0.0651,0.0789,0.0325,0.007,0.0026,0.0093,0.0118,0.0112,0.0094,0.014,0.0072,0.0022,0.0055,0.0122

0.0131,0.0068,0.0308,0.0311,0.0085,0.0767,0.0771,0.064,0.0726,0.0901,0.075,0.0844,0.1226,0.1619,0.2317,0.2934,0.3526,0.3657,0.3221,0.3093,0.4084,0.4285,0.4663,0.5956,0.6948,0.8386,0.8875,0.6404,0.3308,0.3425,0.492,0.4592,0.3034,0.4366,0.5175,0.5122,0.4746,0.4902,0.4603,0.446,0.4196,0.2873,0.2296,0.0949,0.0095,0.0527,0.0383,0.0107,0.0108,0.0077,0.0109,0.0062,0.0028,0.004,0.0075,0.0039,0.0053,0.0013,0.0052,0.0023

0.0132,0.008,0.0188,0.0141,0.0436,0.0668,0.0609,0.0131,0.0899,0.0922,0.1445,0.1475,0.2087,0.2558,0.2603,0.1985,0.2394,0.3134,0.4077,0.4529,0.4893,0.5666,0.6234,0.6741,0.8282,0.8823,0.9196,0.8965,0.7549,0.6736,0.6463,0.5007,0.3663,0.2298,0.1362,0.2123,0.2395,0.2673,0.2865,0.206,0.1659,0.2633,0.2552,0.1696,0.1467,0.1286,0.0926,0.0716,0.0325,0.0258,0.0136,0.0044,0.0028,0.0021,0.0022,0.0048,0.0138,0.014,0.0028,0.0064

0.0216,0.0124,0.0174,0.0152,0.0608,0.1026,0.1139,0.0877,0.116,0.0866,0.1564,0.078,0.0997,0.0915,0.0662,0.1134,0.174,0.2573,0.3294,0.391,0.5438,0.6115,0.7022,0.761,0.7973,0.9105,0.8807,0.7949,0.799,0.718,0.6407,0.6312,0.5929,0.6168,0.6498,0.6764,0.6253,0.5117,0.389,0.3273,0.2509,0.153,0.1323,0.1657,0.1215,0.0978,0.0452,0.0273,0.0179,0.0092,0.0018,0.0052,0.0049,0.0096,0.0134,0.0122,0.0047,0.0018,0.0006,0.0023

0.013,0.0006,0.0088,0.0456,0.0525,0.0778,0.0931,0.0941,0.1711,0.1483,0.1532,0.11,0.089,0.1236,0.1197,0.1145,0.2137,0.2838,0.364,0.543,0.6673,0.7979,0.9273,0.9027,0.9192,1.0,0.9821,0.9092,0.8184,0.6962,0.59,0.5447,0.5142,0.5389,0.5531,0.5318,0.4826,0.379,0.1831,0.175,0.1679,0.0674,0.0609,0.0375,0.0533,0.0278,0.0179,0.0114,0.0073,0.0116,0.0092,0.0078,0.0041,0.0013,0.0011,0.0045,0.0039,0.0022,0.0023,0.0016

0.0067,0.0096,0.0024,0.0058,0.0197,0.0618,0.0432,0.0951,0.0836,0.118,0.0978,0.0909,0.0656,0.0593,0.0832,0.1297,0.2038,0.3811,0.4451,0.5224,0.5911,0.6566,0.6308,0.5998,0.4958,0.5647,0.6906,0.8513,1.0,0.9166,0.7676,0.6177,0.5468,0.5516,0.5463,0.5515,0.4561,0.3466,0.3384,0.2853,0.2502,0.1641,0.1605,0.1491,0.1326,0.0687,0.0602,0.0561,0.0306,0.0154,0.0029,0.0048,0.0023,0.002,0.004,0.0019,0.0034,0.0034,0.0051,0.0031

0.0265,0.044,0.0137,0.0084,0.0305,0.0438,0.0341,0.078,0.0844,0.0779,0.0327,0.206,0.1908,0.1065,0.1457,0.2232,0.207,0.1105,0.1078,0.1165,0.2224,0.0689,0.206,0.2384,0.0904,0.2278,0.5872,0.8457,0.8467,0.7679,0.8055,0.626,0.6545,0.8747,0.9885,0.9348,0.696,0.5733,0.5872,0.6663,0.5651,0.5247,0.3684,0.1997,0.1512,0.0508,0.0931,0.0982,0.0524,0.0188,0.01,0.0038,0.0187,0.0156,0.0068,0.0097,0.0073,0.0081,0.0086,0.0095

0.0216,0.0215,0.0273,0.0139,0.0357,0.0785,0.0906,0.0908,0.1151,0.0973,0.1203,0.1102,0.1192,0.1762,0.239,0.2138,0.1929,0.1765,0.0746,0.1265,0.2005,0.1571,0.2605,0.5386,0.844,1.0,0.8684,0.6742,0.5537,0.4638,0.3609,0.2055,0.162,0.2092,0.31,0.2344,0.1058,0.0383,0.0528,0.1291,0.2241,0.1915,0.1587,0.0942,0.084,0.067,0.0342,0.0469,0.0357,0.0136,0.0082,0.014,0.0044,0.0052,0.0073,0.0021,0.0047,0.0024,0.0009,0.0017

0.0208,0.0186,0.0131,0.0211,0.061,0.0613,0.0612,0.0506,0.0989,0.1093,0.1063,0.1179,0.1291,0.1591,0.168,0.1918,0.1615,0.1647,0.1397,0.1426,0.2429,0.2816,0.429,0.6443,0.9061,1.0,0.8087,0.6119,0.526,0.3677,0.2746,0.102,0.1339,0.1582,0.1952,0.1787,0.0429,0.1096,0.1762,0.2481,0.315,0.292,0.1902,0.0696,0.0758,0.091,0.0441,0.0244,0.0265,0.0095,0.014,0.0074,0.0063,0.0081,0.0087,0.0044,0.0028,0.0019,0.0049,0.0023

0.0202,0.0104,0.0325,0.0239,0.0807,0.1529,0.1154,0.0608,0.1317,0.137,0.0843,0.0269,0.1254,0.3046,0.5584,0.7973,0.8341,0.8057,0.8616,0.8769,0.9413,0.9403,0.9409,1.0,0.9725,0.9309,0.9351,0.7317,0.4421,0.3244,0.4161,0.4611,0.4031,0.3,0.2459,0.1348,0.2541,0.2255,0.1598,0.1485,0.0845,0.0569,0.0855,0.1262,0.1153,0.057,0.0426,0.0425,0.0235,0.0006,0.0188,0.0127,0.0081,0.0067,0.0043,0.0065,0.0049,0.0054,0.0073,0.0054

0.0231,0.0351,0.003,0.0304,0.0339,0.086,0.1738,0.1351,0.1063,0.0347,0.0575,0.1382,0.2274,0.4038,0.5223,0.6847,0.7521,0.776,0.7708,0.8627,1.0,0.8873,0.8057,0.876,0.9066,0.943,0.8846,0.65,0.297,0.2423,0.2992,0.2285,0.2277,0.1529,0.1037,0.0352,0.1073,0.1373,0.1331,0.1454,0.1115,0.044,0.0762,0.1381,0.0831,0.0654,0.0844,0.0595,0.0497,0.0313,0.0154,0.0106,0.0097,0.0022,0.0052,0.0072,0.0056,0.0038,0.0043,0.003

0.01,0.0194,0.0155,0.0489,0.0839,0.1009,0.1627,0.2071,0.2696,0.299,0.3242,0.3565,0.3951,0.5201,0.6953,0.8468,1.0,0.9278,0.851,0.801,0.8142,0.8825,0.7302,0.6107,0.7159,0.8458,0.6319,0.4808,0.6291,0.7152,0.6005,0.4235,0.4106,0.3992,0.173,0.1975,0.237,0.1339,0.1583,0.3151,0.1968,0.2054,0.1272,0.1129,0.1946,0.2195,0.193,0.1498,0.0773,0.0196,0.0122,0.013,0.0073,0.0077,0.0075,0.006,0.008,0.0019,0.0053,0.0019

0.0378,0.0318,0.0423,0.035,0.1787,0.1635,0.0887,0.0817,0.1779,0.2053,0.3135,0.3118,0.3686,0.3885,0.585,0.7868,0.9739,1.0,0.9843,0.861,0.8443,0.9061,0.5847,0.4033,0.5946,0.6793,0.6389,0.5002,0.5578,0.4831,0.4729,0.3318,0.3969,0.3894,0.2314,0.1036,0.1312,0.0864,0.2569,0.3179,0.2649,0.2714,0.1713,0.0584,0.123,0.22,0.2198,0.1074,0.0423,0.0162,0.0093,0.0046,0.0044,0.0078,0.0102,0.0065,0.0061,0.0062,0.0043,0.0053

0.0856,0.0454,0.0382,0.0203,0.0385,0.0534,0.214,0.311,0.2837,0.2751,0.2707,0.0946,0.102,0.4519,0.6737,0.6699,0.7066,0.5632,0.3785,0.2721,0.5297,0.7697,0.8643,0.9304,0.9372,0.6247,0.6024,0.681,0.5047,0.5775,0.4754,0.24,0.2779,0.1997,0.5305,0.7409,0.7775,0.4424,0.1416,0.3508,0.4482,0.4208,0.3054,0.2235,0.2611,0.2798,0.2392,0.2021,0.1326,0.0358,0.0128,0.0172,0.0138,0.0079,0.0037,0.0051,0.0258,0.0102,0.0037,0.0037

0.0126,0.0519,0.0621,0.0518,0.1072,0.2587,0.2304,0.2067,0.3416,0.4284,0.3015,0.1207,0.3299,0.5707,0.6962,0.9751,1.0,0.9293,0.621,0.4586,0.5001,0.5032,0.7082,0.842,0.8109,0.769,0.8105,0.6203,0.2356,0.2595,0.6299,0.6762,0.2903,0.4393,0.8529,0.718,0.4801,0.5856,0.4993,0.2866,0.0601,0.1167,0.2737,0.2812,0.2078,0.066,0.0491,0.0345,0.0172,0.0287,0.0027,0.0208,0.0048,0.0199,0.0126,0.0022,0.0037,0.0034,0.0114,0.0077

0.0459,0.0437,0.0347,0.0456,0.0067,0.089,0.1798,0.1741,0.1598,0.1408,0.2693,0.3259,0.4545,0.5785,0.4471,0.2231,0.2164,0.3201,0.2915,0.4235,0.446,0.238,0.6415,0.8966,0.8918,0.7529,0.6838,0.839,1.0,0.8362,0.5427,0.4577,0.8067,0.6973,0.3915,0.1558,0.1598,0.2161,0.5178,0.4782,0.2344,0.3599,0.2785,0.1807,0.0352,0.0473,0.0322,0.0408,0.0163,0.0088,0.0121,0.0067,0.0032,0.0109,0.0164,0.0151,0.007,0.0085,0.0117,0.0056

0.0181,0.0146,0.0026,0.0141,0.0421,0.0473,0.0361,0.0741,0.1398,0.1045,0.0904,0.0671,0.0997,0.1056,0.0346,0.1231,0.1626,0.3652,0.3262,0.2995,0.2109,0.2104,0.2085,0.2282,0.0747,0.1969,0.4086,0.6385,0.797,0.7508,0.5517,0.2214,0.4672,0.4479,0.2297,0.3235,0.448,0.5581,0.652,0.5354,0.2478,0.2268,0.1788,0.0898,0.0536,0.0374,0.099,0.0956,0.0317,0.0142,0.0076,0.0223,0.0255,0.0145,0.0233,0.0041,0.0018,0.0048,0.0089,0.0085

0.0201,0.0423,0.0554,0.0783,0.062,0.0871,0.1201,0.2707,0.1206,0.0279,0.2251,0.2615,0.177,0.3709,0.4533,0.5553,0.4616,0.3797,0.345,0.2665,0.2395,0.1127,0.2556,0.5169,0.3779,0.4082,0.5353,0.5116,0.4544,0.4258,0.3869,0.3939,0.4661,0.3974,0.2194,0.1816,0.1023,0.2108,0.3253,0.3697,0.2912,0.301,0.2563,0.1927,0.2062,0.1751,0.0841,0.1035,0.0641,0.0153,0.0081,0.0191,0.0182,0.016,0.029,0.009,0.0242,0.0224,0.019,0.0096

0.0587,0.121,0.1268,0.1498,0.1436,0.0561,0.0832,0.0672,0.1372,0.2352,0.3208,0.4257,0.5201,0.4914,0.595,0.7221,0.9039,0.9111,0.8723,0.7686,0.7326,0.5222,0.3097,0.3172,0.227,0.164,0.1746,0.1835,0.2048,0.1674,0.2767,0.3104,0.3399,0.4441,0.5046,0.2814,0.1681,0.2633,0.3198,0.1933,0.0934,0.0443,0.078,0.0722,0.0405,0.0553,0.1081,0.1139,0.0767,0.0265,0.0215,0.0331,0.0111,0.0088,0.0158,0.0122,0.0038,0.0101,0.0228,0.0124

0.0116,0.0179,0.0449,0.1096,0.1913,0.0924,0.0761,0.1092,0.0757,0.1006,0.25,0.3988,0.3809,0.4753,0.6165,0.6464,0.8024,0.9208,0.9832,0.9634,0.8646,0.8325,0.8276,0.8007,0.6102,0.4853,0.4355,0.4307,0.4399,0.3833,0.3032,0.3035,0.3197,0.2292,0.2131,0.2347,0.3201,0.4455,0.3655,0.2715,0.1747,0.1781,0.2199,0.1056,0.0573,0.0307,0.0237,0.047,0.0102,0.0057,0.0031,0.0163,0.0099,0.0084,0.027,0.0277,0.0097,0.0054,0.0148,0.0092

0.0599,0.0474,0.0498,0.0387,0.1026,0.0773,0.0853,0.0447,0.1094,0.0351,0.1582,0.2023,0.2268,0.2829,0.3819,0.4665,0.6687,0.8647,0.9361,0.9367,0.9144,0.9162,0.9311,0.8604,0.7327,0.5763,0.4162,0.4113,0.4146,0.3149,0.2936,0.3169,0.3149,0.4132,0.3994,0.4195,0.4532,0.4419,0.4737,0.3431,0.3194,0.337,0.2493,0.265,0.1748,0.0932,0.053,0.0081,0.0342,0.0137,0.0028,0.0013,0.0005,0.0227,0.0209,0.0081,0.0117,0.0114,0.0112,0.01

0.053,0.0885,0.1997,0.2604,0.3225,0.2247,0.0617,0.2287,0.095,0.074,0.161,0.2226,0.2703,0.3365,0.4266,0.4144,0.5655,0.6921,0.8547,0.9234,0.9171,1.0,0.9532,0.9101,0.8337,0.7053,0.6534,0.4483,0.246,0.202,0.1446,0.0994,0.151,0.2392,0.4434,0.5023,0.4441,0.4571,0.3927,0.29,0.3408,0.499,0.3632,0.1387,0.18,0.1299,0.0523,0.0817,0.0469,0.0114,0.0299,0.0244,0.0199,0.0257,0.0082,0.0151,0.0171,0.0146,0.0134,0.0056

0.0114,0.0222,0.0269,0.0384,0.1217,0.2062,0.1489,0.0929,0.135,0.1799,0.2486,0.2973,0.3672,0.4394,0.5258,0.6755,0.7402,0.8284,0.9033,0.9584,1.0,0.9982,0.8899,0.7493,0.6367,0.6744,0.7207,0.6821,0.5512,0.4789,0.3924,0.2533,0.1089,0.139,0.2551,0.3301,0.2818,0.2142,0.2266,0.2142,0.2354,0.2871,0.2596,0.1925,0.1256,0.1003,0.0951,0.121,0.0728,0.0174,0.0213,0.0269,0.0152,0.0257,0.0097,0.0041,0.005,0.0145,0.0103,0.0025

0.0228,0.0106,0.013,0.0842,0.1117,0.1506,0.1776,0.0997,0.1428,0.2227,0.2621,0.3109,0.2859,0.3316,0.3755,0.4499,0.4765,0.6254,0.7304,0.8702,0.9349,0.9614,0.9126,0.9443,1.0,0.9455,0.8815,0.752,0.7068,0.5986,0.3857,0.251,0.2162,0.0968,0.1323,0.1344,0.225,0.3244,0.3939,0.3806,0.3258,0.3654,0.2983,0.1779,0.1535,0.1199,0.0959,0.0765,0.0649,0.0313,0.0185,0.0098,0.0178,0.0077,0.0074,0.0095,0.0055,0.0045,0.0063,0.0039

0.0346,0.0509,0.0079,0.0243,0.0432,0.0735,0.0938,0.1134,0.1228,0.1508,0.1809,0.239,0.2947,0.2866,0.401,0.5325,0.5486,0.5823,0.6041,0.6749,0.7084,0.789,0.9284,0.9781,0.9738,1.0,0.9702,0.9956,0.8235,0.602,0.5342,0.4867,0.3526,0.1566,0.0946,0.1613,0.2824,0.339,0.3019,0.2945,0.2978,0.2676,0.2055,0.2069,0.1625,0.1216,0.1013,0.0744,0.0386,0.005,0.0146,0.004,0.0122,0.0107,0.0112,0.0102,0.0052,0.0024,0.0079,0.0031

0.027,0.0163,0.0341,0.0247,0.0822,0.1256,0.1323,0.1584,0.2017,0.2122,0.221,0.2399,0.2964,0.4061,0.5095,0.5512,0.6613,0.6804,0.652,0.6788,0.7811,0.8369,0.8969,0.9856,1.0,0.9395,0.8917,0.8105,0.6828,0.5572,0.4301,0.3339,0.2035,0.0798,0.0809,0.1525,0.2626,0.2456,0.198,0.2412,0.2409,0.1901,0.2077,0.1767,0.1119,0.0779,0.1344,0.096,0.0598,0.033,0.0197,0.0189,0.0204,0.0085,0.0043,0.0092,0.0138,0.0094,0.0105,0.0093

0.0715,0.0849,0.0587,0.0218,0.0862,0.1801,0.1916,0.1896,0.296,0.4186,0.4867,0.5249,0.5959,0.6855,0.8573,0.9718,0.8693,0.8711,0.8954,0.9922,0.898,0.8158,0.8373,0.7541,0.5893,0.5488,0.5643,0.5406,0.4783,0.4439,0.3698,0.2574,0.1478,0.1743,0.1229,0.1588,0.1803,0.1436,0.1667,0.263,0.2234,0.1239,0.0869,0.2092,0.1499,0.0676,0.0899,0.0927,0.0658,0.0086,0.0216,0.0153,0.0121,0.0096,0.0196,0.0042,0.0066,0.0099,0.0083,0.0124

0.1371,0.1226,0.1385,0.1484,0.1776,0.1428,0.1773,0.2161,0.163,0.2067,0.4257,0.5484,0.7131,0.7003,0.6777,0.7939,0.9382,0.8925,0.9146,0.7832,0.796,0.7983,0.7716,0.6615,0.486,0.5572,0.4697,0.564,0.4517,0.3369,0.2684,0.2339,0.3052,0.3016,0.2753,0.1041,0.1757,0.3156,0.3603,0.2736,0.1301,0.2458,0.3404,0.1753,0.0679,0.1062,0.0643,0.0532,0.0531,0.0272,0.0171,0.0118,0.0129,0.0344,0.0065,0.0067,0.0022,0.0079,0.0146,0.0051

0.0968,0.0821,0.0629,0.0608,0.0617,0.1207,0.0944,0.4223,0.5744,0.5025,0.3488,0.17,0.2076,0.3087,0.4224,0.5312,0.2436,0.1884,0.1908,0.8321,1.0,0.4076,0.096,0.1928,0.2419,0.379,0.2893,0.3451,0.3777,0.5213,0.2316,0.3335,0.4781,0.6116,0.6705,0.7375,0.7356,0.7792,0.6788,0.5259,0.2762,0.1545,0.2019,0.2231,0.4221,0.3067,0.1329,0.1349,0.1057,0.0499,0.0206,0.0073,0.0081,0.0303,0.019,0.0212,0.0126,0.0201,0.021,0.0041

0.0094,0.0611,0.1136,0.1203,0.0403,0.1227,0.2495,0.4566,0.6587,0.5079,0.335,0.0834,0.3004,0.3957,0.3769,0.3828,0.1247,0.1363,0.2678,0.9188,0.9779,0.3236,0.1944,0.1874,0.0885,0.3443,0.2953,0.5908,0.4564,0.7334,0.1969,0.279,0.6212,0.8681,0.8621,0.938,0.8327,0.948,0.6721,0.4436,0.5163,0.3809,0.1557,0.1449,0.2662,0.1806,0.1699,0.2559,0.1129,0.0201,0.048,0.0234,0.0175,0.0352,0.0158,0.0326,0.0201,0.0168,0.0245,0.0154

0.0731,0.1249,0.1665,0.1496,0.1443,0.277,0.2555,0.1712,0.0466,0.1114,0.1739,0.316,0.3249,0.2164,0.2031,0.258,0.1796,0.2422,0.3609,0.181,0.2604,0.6572,0.9734,0.9757,0.8079,0.6521,0.4915,0.5363,0.7649,0.525,0.5101,0.4219,0.416,0.1906,0.0223,0.4219,0.5496,0.2483,0.2034,0.2729,0.2837,0.4463,0.3178,0.0807,0.1192,0.2134,0.3241,0.2945,0.1474,0.0211,0.0361,0.0444,0.023,0.029,0.0141,0.0161,0.0177,0.0194,0.0207,0.0057

0.0707,0.1252,0.1447,0.1644,0.1693,0.0844,0.0715,0.0947,0.1583,0.1247,0.234,0.1764,0.2284,0.3115,0.4725,0.5543,0.5386,0.3746,0.4583,0.5961,0.7464,0.7644,0.5711,0.6257,0.6695,0.7131,0.7567,0.8077,0.8477,0.9289,0.9513,0.7995,0.4362,0.4048,0.4952,0.1712,0.3652,0.3763,0.2841,0.0427,0.5331,0.6952,0.4288,0.3063,0.5835,0.5692,0.263,0.1196,0.0983,0.0374,0.0291,0.0156,0.0197,0.0135,0.0127,0.0138,0.0133,0.0131,0.0154,0.0218

0.0299,0.0688,0.0992,0.1021,0.08,0.0629,0.013,0.0813,0.1761,0.0998,0.0523,0.0904,0.2655,0.3099,0.352,0.3892,0.3962,0.2449,0.2355,0.3045,0.3112,0.4698,0.5534,0.4532,0.4464,0.467,0.4621,0.6988,0.7626,0.7025,0.7382,0.7446,0.7927,0.5227,0.3967,0.3042,0.1309,0.2408,0.178,0.1598,0.5657,0.6443,0.4241,0.4567,0.576,0.5293,0.3287,0.1283,0.0698,0.0334,0.0342,0.0459,0.0277,0.0172,0.0087,0.0046,0.0203,0.013,0.0115,0.0015

0.0654,0.0649,0.0737,0.1132,0.2482,0.1257,0.1797,0.0989,0.246,0.3422,0.2128,0.1377,0.4032,0.5684,0.2398,0.4331,0.5954,0.5772,0.8176,0.8835,0.5248,0.6373,0.8375,0.6699,0.7756,0.875,0.83,0.6896,0.3372,0.6405,0.7138,0.8202,0.6657,0.5254,0.296,0.0704,0.097,0.3941,0.6028,0.3521,0.3924,0.4808,0.4602,0.4164,0.5438,0.5649,0.3195,0.2484,0.1299,0.0825,0.0243,0.021,0.0361,0.0239,0.0447,0.0394,0.0355,0.044,0.0243,0.0098

0.0209,0.0278,0.0115,0.0445,0.0427,0.0766,0.1458,0.143,0.1894,0.1853,0.1748,0.1556,0.1476,0.1378,0.2584,0.3827,0.4784,0.536,0.6192,0.7912,0.9264,1.0,0.908,0.7435,0.5557,0.3172,0.1295,0.0598,0.2722,0.3616,0.3293,0.4855,0.3936,0.1845,0.0342,0.2489,0.3837,0.3514,0.2654,0.176,0.1599,0.0866,0.059,0.0813,0.0492,0.0417,0.0495,0.0367,0.0115,0.0118,0.0133,0.0096,0.0014,0.0049,0.0039,0.0029,0.0078,0.0047,0.0021,0.0011

0.0233,0.0394,0.0416,0.0547,0.0993,0.1515,0.1674,0.1513,0.1723,0.2078,0.1239,0.0236,0.1771,0.3115,0.499,0.6707,0.7655,0.8485,0.9805,1.0,1.0,0.9992,0.9067,0.6803,0.5103,0.4716,0.498,0.6196,0.7171,0.6316,0.3554,0.2897,0.4316,0.3791,0.2421,0.0944,0.0351,0.0844,0.0436,0.113,0.2045,0.1937,0.0834,0.1502,0.1675,0.1058,0.1111,0.0849,0.0596,0.0201,0.0071,0.0104,0.0062,0.0026,0.0025,0.0061,0.0038,0.0101,0.0078,0.0006

0.0047,0.0059,0.008,0.0554,0.0883,0.1278,0.1674,0.1373,0.2922,0.3469,0.3265,0.3263,0.2301,0.1253,0.2102,0.2401,0.1928,0.1673,0.1228,0.0902,0.1557,0.3291,0.5268,0.674,0.7906,0.8938,0.9395,0.9493,0.904,0.9151,0.8828,0.8086,0.718,0.672,0.6447,0.6879,0.6241,0.4936,0.4144,0.424,0.4546,0.4392,0.4323,0.4921,0.471,0.3196,0.2241,0.1806,0.099,0.0251,0.0129,0.0095,0.0126,0.0069,0.0039,0.0068,0.006,0.0045,0.0002,0.0029

0.0235,0.022,0.0167,0.0516,0.0746,0.1121,0.1258,0.1717,0.3074,0.3199,0.2946,0.2484,0.251,0.1806,0.1413,0.3019,0.3635,0.3887,0.298,0.2219,0.1624,0.1343,0.2046,0.3791,0.5771,0.7545,0.8406,0.8547,0.9036,1.0,0.9646,0.7912,0.6412,0.5986,0.6835,0.7771,0.8084,0.7426,0.6295,0.5708,0.4433,0.3361,0.3795,0.495,0.4373,0.2404,0.1128,0.1654,0.0933,0.0225,0.0214,0.0221,0.0152,0.0083,0.0058,0.0023,0.0057,0.0052,0.0027,0.0021

0.0217,0.0152,0.0346,0.0346,0.0484,0.0526,0.0773,0.0862,0.1451,0.211,0.2343,0.2087,0.1645,0.1689,0.165,0.1967,0.2934,0.3709,0.4309,0.4161,0.5116,0.6501,0.7717,0.8491,0.9104,0.8912,0.8189,0.6779,0.5368,0.5207,0.5651,0.5749,0.525,0.4255,0.333,0.2331,0.1451,0.1648,0.2694,0.373,0.4467,0.4133,0.3743,0.3021,0.2069,0.179,0.1689,0.1341,0.0769,0.0222,0.0205,0.0123,0.0067,0.0011,0.0026,0.0049,0.0029,0.0022,0.0022,0.0032

0.0221,0.0065,0.0164,0.0487,0.0519,0.0849,0.0812,0.1833,0.2228,0.181,0.2549,0.2984,0.2624,0.1893,0.0668,0.2666,0.4274,0.6291,0.7782,0.7686,0.8099,0.8493,0.944,0.945,0.9655,0.8045,0.4969,0.396,0.3856,0.5574,0.7309,0.8549,0.9425,0.8726,0.6673,0.4694,0.1546,0.1748,0.3607,0.5208,0.5177,0.3702,0.224,0.0816,0.0395,0.0785,0.1052,0.1034,0.0764,0.0216,0.0167,0.0089,0.0051,0.0015,0.0075,0.0058,0.0016,0.007,0.0074,0.0038

0.0015,0.0186,0.0289,0.0195,0.0515,0.0817,0.1005,0.0124,0.1168,0.1476,0.2118,0.2575,0.2354,0.1334,0.0092,0.1951,0.3685,0.4646,0.5418,0.626,0.742,0.8257,0.8609,0.84,0.8949,0.9945,1.0,0.9649,0.8747,0.6257,0.2184,0.2945,0.3645,0.5012,0.7843,0.9361,0.8195,0.6207,0.4513,0.3004,0.2674,0.2241,0.3141,0.3693,0.2986,0.2226,0.0849,0.0359,0.0289,0.0122,0.0045,0.0108,0.0075,0.0089,0.0036,0.0029,0.0013,0.001,0.0032,0.0047

0.0179,0.0136,0.0408,0.0633,0.0596,0.0808,0.209,0.3465,0.5276,0.5965,0.6254,0.4507,0.3693,0.2864,0.1635,0.0422,0.1785,0.4394,0.695,0.8097,0.855,0.8717,0.8601,0.9201,0.8729,0.8084,0.8694,0.8411,0.5793,0.3754,0.3485,0.4639,0.6495,0.6901,0.5666,0.5188,0.506,0.3885,0.3762,0.3738,0.2605,0.1591,0.1875,0.2267,0.1577,0.1211,0.0883,0.085,0.0355,0.0219,0.0086,0.0123,0.006,0.0187,0.0111,0.0126,0.0081,0.0155,0.016,0.0085

0.0191,0.0173,0.0291,0.0301,0.0463,0.069,0.0576,0.1103,0.2423,0.3134,0.4786,0.5239,0.4393,0.344,0.2869,0.3889,0.442,0.3892,0.4088,0.5006,0.7271,0.9385,1.0,0.9831,0.9932,0.9161,0.8237,0.6957,0.4536,0.3281,0.2522,0.3964,0.4154,0.3308,0.1445,0.1923,0.3208,0.3367,0.5683,0.5505,0.3231,0.0448,0.3131,0.3387,0.413,0.3639,0.2069,0.0859,0.06,0.0267,0.0125,0.004,0.0136,0.0137,0.0172,0.0132,0.011,0.0122,0.0114,0.0068

0.0201,0.0165,0.0344,0.033,0.0397,0.0443,0.0684,0.0903,0.1739,0.2571,0.2931,0.3108,0.3603,0.3002,0.2718,0.2007,0.1801,0.2234,0.3568,0.5492,0.7209,0.8318,0.8864,0.952,0.9637,1.0,0.9673,0.8664,0.7896,0.6345,0.5351,0.4056,0.2563,0.2894,0.3588,0.4296,0.4773,0.4516,0.3765,0.3051,0.1921,0.1184,0.1984,0.157,0.066,0.1294,0.0797,0.0052,0.0233,0.0152,0.0125,0.0054,0.0057,0.0137,0.0109,0.0035,0.0056,0.0105,0.0082,0.0036

0.031,0.0221,0.0433,0.0191,0.0964,0.1827,0.1106,0.1702,0.2804,0.4432,0.5222,0.5611,0.5379,0.4048,0.2245,0.1784,0.2297,0.272,0.5209,0.6898,0.8202,0.878,0.76,0.7616,0.7152,0.7288,0.8686,0.9509,0.8348,0.573,0.4363,0.4289,0.424,0.3156,0.1287,0.1477,0.2062,0.24,0.5173,0.5168,0.1491,0.2407,0.3415,0.4494,0.4624,0.2001,0.0775,0.1232,0.0783,0.0089,0.0249,0.0204,0.0059,0.0053,0.0079,0.0037,0.0015,0.0056,0.0067,0.0054

0.0096,0.0404,0.0682,0.0688,0.0887,0.0932,0.0955,0.214,0.2546,0.2952,0.4025,0.5148,0.4901,0.4127,0.3575,0.3447,0.3068,0.2945,0.4351,0.7264,0.8147,0.8103,0.6665,0.6958,0.7748,0.8688,1.0,0.9941,0.8793,0.6482,0.5876,0.6408,0.4972,0.2755,0.03,0.3356,0.3167,0.4133,0.6281,0.4977,0.2613,0.4697,0.4806,0.4921,0.5294,0.2216,0.1401,0.1888,0.0947,0.0134,0.031,0.0237,0.0078,0.0144,0.017,0.0012,0.0109,0.0036,0.0043,0.0018

0.0209,0.0191,0.0411,0.0321,0.0698,0.1579,0.1438,0.1402,0.3048,0.3914,0.3504,0.3669,0.3943,0.3311,0.3331,0.3002,0.2324,0.1381,0.345,0.4428,0.489,0.3677,0.4379,0.4864,0.6207,0.7256,0.6624,0.7689,0.7981,0.8577,0.9273,0.7009,0.4851,0.3409,0.1406,0.1147,0.1433,0.182,0.3605,0.5529,0.5988,0.5077,0.5512,0.5027,0.7034,0.5904,0.4069,0.2761,0.1584,0.051,0.0054,0.0078,0.0201,0.0104,0.0039,0.0031,0.0062,0.0087,0.007,0.0042

0.0158,0.0239,0.015,0.0494,0.0988,0.1425,0.1463,0.1219,0.1697,0.1923,0.2361,0.2719,0.3049,0.2986,0.2226,0.1745,0.2459,0.31,0.3572,0.4283,0.4268,0.3735,0.4585,0.6094,0.7221,0.7595,0.8706,1.0,0.9815,0.7187,0.5848,0.4192,0.3756,0.3263,0.1944,0.1394,0.167,0.1275,0.1666,0.2574,0.2258,0.2777,0.1613,0.1335,0.1976,0.1234,0.1554,0.1057,0.049,0.0097,0.0223,0.0121,0.0108,0.0057,0.0028,0.0079,0.0034,0.0046,0.0022,0.0021

0.0056,0.0267,0.0221,0.0561,0.0936,0.1146,0.0706,0.0996,0.1673,0.1859,0.2481,0.2712,0.2934,0.2637,0.188,0.1405,0.2028,0.2613,0.2778,0.3346,0.383,0.4003,0.5114,0.686,0.749,0.7843,0.9021,1.0,0.8888,0.6511,0.6083,0.4463,0.2948,0.1729,0.1488,0.0801,0.177,0.1382,0.2404,0.2046,0.197,0.2778,0.1377,0.0685,0.0664,0.1665,0.1807,0.1245,0.0516,0.0044,0.0185,0.0072,0.0055,0.0074,0.0068,0.0084,0.0037,0.0024,0.0034,0.0007

0.0129,0.0141,0.0309,0.0375,0.0767,0.0787,0.0662,0.1108,0.1777,0.2245,0.2431,0.3134,0.3206,0.2917,0.2249,0.2347,0.2143,0.2939,0.4898,0.6127,0.7531,0.7718,0.7432,0.8673,0.9308,0.9836,1.0,0.9595,0.8722,0.6862,0.4901,0.328,0.3115,0.1969,0.1019,0.0317,0.0756,0.0907,0.1066,0.138,0.0665,0.1475,0.247,0.2788,0.2709,0.2283,0.1818,0.1185,0.0546,0.0219,0.0204,0.0124,0.0093,0.0072,0.0019,0.0027,0.0054,0.0017,0.0024,0.0029

0.0238,0.0318,0.0422,0.0399,0.0788,0.0766,0.0881,0.1143,0.1594,0.2048,0.2652,0.31,0.2381,0.1918,0.143,0.1735,0.1781,0.2852,0.5036,0.6166,0.7616,0.8125,0.7793,0.8788,0.8813,0.947,1.0,0.9739,0.8446,0.6151,0.4302,0.3165,0.2869,0.2017,0.1206,0.0271,0.058,0.1262,0.1072,0.1082,0.036,0.1197,0.2061,0.2054,0.1878,0.2047,0.1716,0.1069,0.0477,0.017,0.0186,0.0096,0.0071,0.0084,0.0038,0.0026,0.0028,0.0013,0.0035,0.006

0.0335,0.0258,0.0398,0.057,0.0529,0.1091,0.1709,0.1684,0.1865,0.266,0.3188,0.3553,0.3116,0.1965,0.178,0.2794,0.287,0.3969,0.5599,0.6936,0.7969,0.7452,0.8203,0.9261,0.881,0.8814,0.9301,0.9955,0.8576,0.6069,0.3934,0.2464,0.1645,0.114,0.0956,0.008,0.0702,0.0936,0.0894,0.1127,0.0873,0.102,0.1964,0.2256,0.1814,0.2012,0.1688,0.1037,0.0501,0.0136,0.013,0.012,0.0039,0.0053,0.0062,0.0046,0.0045,0.0022,0.0005,0.0031

0.0323,0.0101,0.0298,0.0564,0.076,0.0958,0.099,0.1018,0.103,0.2154,0.3085,0.3425,0.299,0.1402,0.1235,0.1534,0.1901,0.2429,0.212,0.2395,0.3272,0.5949,0.8302,0.9045,0.9888,0.9912,0.9448,1.0,0.9092,0.7412,0.7691,0.7117,0.5304,0.2131,0.0928,0.1297,0.1159,0.1226,0.1768,0.0345,0.1562,0.0824,0.1149,0.1694,0.0954,0.008,0.079,0.1255,0.0647,0.0179,0.0051,0.0061,0.0093,0.0135,0.0063,0.0063,0.0034,0.0032,0.0062,0.0067

0.026,0.0363,0.0136,0.0272,0.0214,0.0338,0.0655,0.14,0.1843,0.2354,0.272,0.2442,0.1665,0.0336,0.1302,0.1708,0.2177,0.3175,0.3714,0.4552,0.57,0.7397,0.8062,0.8837,0.9432,1.0,0.9375,0.7603,0.7123,0.8358,0.7622,0.4567,0.1715,0.1549,0.1641,0.1869,0.2655,0.1713,0.0959,0.0768,0.0847,0.2076,0.2505,0.1862,0.1439,0.147,0.0991,0.0041,0.0154,0.0116,0.0181,0.0146,0.0129,0.0047,0.0039,0.0061,0.004,0.0036,0.0061,0.0115
